{"cameraMode":{"drawMode":0,"name":"Shaded","section":"Shading Mode"},"sceneLighting":true,"audioPlay":false,"sceneViewState":{"showFog":true,"showMaterialUpdate":false,"showSkybox":true,"showFlares":true,"showImageEffects":true,"showParticleSystems":true,"showVisualEffectGraphs":true,"m_FxEnabled":true},"in2DMode":false,"pivot":{"x":6.218416690826416,"y":1.8455071449279786,"z":7.737017631530762},"rotation":{"x":-0.20730552077293397,"y":-0.000579190207645297,"z":0.00009593615686753765,"w":-0.9783260226249695},"size":7.9435906410217289,"orthographic":true}