{"cameraMode":{"drawMode":0,"name":"Shaded","section":"Shading Mode"},"sceneLighting":false,"audioPlay":false,"sceneViewState":{"showFog":false,"showMaterialUpdate":false,"showSkybox":false,"showFlares":false,"showImageEffects":false,"showParticleSystems":false,"showVisualEffectGraphs":true,"m_FxEnabled":true},"in2DMode":false,"pivot":{"x":0.0002535581588745117,"y":0.8513142466545105,"z":0.022144697606563569},"rotation":{"x":0.057653944939374927,"y":-0.781996488571167,"z":0.07319774478673935,"w":0.6163336038589478},"size":1.6616542339324952,"orthographic":true}