{"cameraMode":{"drawMode":0,"name":"Shaded","section":"Shading Mode"},"sceneLighting":false,"audioPlay":false,"sceneViewState":{"showFog":true,"showMaterialUpdate":false,"showSkybox":false,"showFlares":true,"showImageEffects":true,"showParticleSystems":true,"showVisualEffectGraphs":true,"m_FxEnabled":true},"in2DMode":false,"pivot":{"x":0.0002535581588745117,"y":0.8530824780464172,"z":0.02458910644054413},"rotation":{"x":0.043465644121170047,"y":-0.9564951658248901,"z":0.19968925416469575,"w":0.20835521817207337},"size":1.5418663024902344,"orthographic":true}